{
	"story":
	[
		 {
		   "language": "EN",
		   "storyText": "Curious fluffy little Kitty found some cuddly fluffy balls of yarn. They were simply gorgeous! All rainbow-y and string-y, and funny smelling. But when bit, they tickled Kitty's tongue in a stomach-turning way. Kitty quickly spat the colourful wool out of his mouth with disgust. Kitty tried snuggling with the yarn instead but his fur and the wool produced different types of electricity. It wasn’t a very nice sensation and it left Kitty’s fur all cranky.\nKitty decided he didn’t want to play with the yarn anymore but when he tried to leave, the yarn attacked him once again with a malicious zap in the butt! It was yarn or Kitty!\nPippity, poppity, gonna give you the zoppity!"
		 }
		 ,
		 {
		   "language": "PL",
		   "storyText": "Tłumaczonko w drodze."
		 }
	]
}